Workbook

Sheet PERALATAN
A1: NO | B1: PEMBELIAN PERALATAN | C1: KETERANGAN | D1: KUANTITAS | E1: SATUAN | F1: HARGA | G1: JUMLAH
A2: 1 | B2: Meja | D2: 1 | E2: buah | F2: 500000 | G2: =F2*D2 -> 500000
A3: 2 | B3: Kursi | D3: 3 | E3: buah | F3: 150000 | G3: =F3*D3 -> 450000
A4: 3 | B4: AC | D4: 1 | E4: buah | F4: 3500000 | G4: =F4*D4 -> 3500000
A5: 4 | B5: Tempat sampah | D5: 2 | E5: buah | F5: 100000 | G5: =F5*D5 -> 200000
A6: 5 | B6: Tempat tissu dinding | D6: 2 | E6: buah | F6: 50000 | G6: =F6*D6 -> 100000
A7: 6 | B7: Komputer / Laptop | D7: 1 | E7: buah | F7: 5000000 | G7: =F7*D7 -> 5000000
A8: 7 | B8: kitchen shet | D8: 1 | E8: buah | F8: 5000000 | G8: =F8*D8 -> 5000000
A9: 8 | B9: Dental Unit | D9: 1 | E9: paket | F9: 25000000 | G9: =F9*D9 -> 25000000
A10: 9 | B10: Alat Gigi | D10: 1 | E10: paket | F10: 2500000 | G10: =F10*D10 -> 2500000
A11: 10 | B11: Sterilisator | D11: 1 | E11: buah | F11: 1500000 | G11: =F11*D11 -> 1500000
A12: 11 | B12: Persiapan Interior Ruangan | D12: 1 | E12: paket | F12: 5000000 | G12: =F12*D12 -> 5000000
A16: TOTAL | G16: =SUM(G2:G15) -> 48750000

Sheet BAHAN HABIS PAKAI
A1: NO | B1: BAHAN HABIS PAKAI | C1: KETERANGAN | D1: KUANTITAS | E1: SATUAN | F1: HARGA | G1: JUMLAH/BULAN
B2: Handscoon | D2: 1 | F2: 99900 | G2: =D2*F2 -> 99900
B3: Selang Suction | D3: 1 | F3: 66000 | G3: =D3*F3 -> 66000
B4: Betadine | D4: 1 | F4: 95000 | G4: =D4*F4 -> 95000
B5: Gelas Kumur | D5: 1 | F5: 50000 | G5: =D5*F5 -> 50000
B6: Komposit | D6: 1 | F6: 643800 | G6: =D6*F6 -> 643800
B7: Etsa | D7: 1 | F7: 712620 | G7: =D7*F7 -> 712620
B8: Bonding | D8: 1 | F8: 1171050 | G8: =D8*F8 -> 1171050
B9: GIC | D9: 1 | F9: 915750 | G9: =D9*F9 -> 915750
B10: CHKM | D10: 1 | F10: 190000 | G10: =D10*F10 -> 190000
B11: Cresotin | D11: 1 | F11: 180000 | G11: =D11*F11 -> 180000
B12: Eugenol | D12: 1 | F12: 256000 | G12: =D12*F12 -> 256000
B13: EDTA solution | D13: 1 | F13: 222000 | G13: =D13*F13 -> 222000
... B37: Pehacain/ Lidocain | D37: 1 | F37: 200000 | G37: =D37*F37 -> 200000
A40: TOTAL | G40: =SUM(G2:G39) -> 8046630
B42: KAPASITAS PRODUKSI PERBULAN | C42: 100

Sheet PENYUSUTAN
A1: NO | B1: NAMA PERALATAN | C1: NILAI | D1: NILAI RESIDU | E1: UMUR EKONOMIS | F1: PENYUSUTAN PERTAHUN | G1: PENYUSUTAN PERBULAN | H1: PENYUSUTAN PERUNIT
A2: 1 | B2: Meja | C2: 500000 | D2: 50000 | E2: 2 | F2: =(C2-D2)/E2 -> 225000 | G2: =F2/12 -> 18750 | H2: =F2/365 -> 616.43836
A3: 2 | B3: Kursi | C3: 450000 | D3: 45000 | E3: 2 | F3: =(C3-D3)/E3 -> 202500 | G3: =F3/12 -> 16875 | H3: =F3/365 -> 554.79452
A4: 3 | B4: AC | C4: 3500000 | D4: 350000 | E4: 2 | F4: =(C4-D4)/E4 -> 1575000 | G4: =F4/12 -> 131250 | H4: =F4/365 -> 4315.0685
A5: 4 | B5: Tempat sampah | C5: 200000 | D5: 20000 | E5: 2 | F5: =(C5-D5)/E5 -> 90000 | G5: =F5/12 -> 7500 | H5: =F5/365 -> 246.57534
A6: 5 | B6: Tempat tissu dinding | C6: 100000 | D6: 10000 | E6: 2 | F6: =(C6-D6)/E6 -> 45000 | G6: =F6/12 -> 3750 | H6: =F6/365 -> 123.28767
A7: 6 | B7: Komputer / Laptop | C7: 5000000 | D7: 500000 | E7: 2 | F7: =(C7-D7)/E7 -> 2250000 | G7: =F7/12 -> 187500 | H7: =F7/365 -> 6164.3836
A8: 7 | B8: kitchen shet | C8: 5000000 | D8: 500000 | E8: 2 | F8: =(C8-D8)/E8 -> 2250000 | G8: =F8/12 -> 187500 | H8: =F8/365 -> 6164.3836
A9: 8 | B9: Dental Unit | C9: 25000000 | D9: 2500000 | E9: 2 | F9: =(C9-D9)/E9 -> 11250000 | G9: =F9/12 -> 937500 | H9: =F9/365 -> 30821.918
A10: 9 | B10: Alat Gigi | C10: 2500000 | D10: 250000 | E10: 2 | F10: =(C10-D10)/E10 -> 1125000 | G10: =F10/12 -> 93750 | H10: =F10/365 -> 3082.1918
A11: 10 | B11: Sterilisator | C11: 1500000 | D11: 150000 | E11: 2 | F11: =(C11-D11)/E11 -> 675000 | G11: =F11/12 -> 56250 | H11: =F11/365 -> 1849.3151
A12: 11 | B12: Persiapan Interior Ruangan | C12: 5000000 | D12: 500000 | E12: 2 | F12: =(C12-D12)/E12 -> 2250000 | G12: =F12/12 -> 187500 | H12: =F12/365 -> 6164.3836
C13: 0 | D13: 0 | E13: 1 | F13: =(C13-D13)/E13 -> 0 | G13: =F13/12 -> 0 | H13: =F13/365 -> 0
C14: 0 | D14: 0 | E14: 1 | F14: =(C14-D14)/E14 -> 0 | G14: =F14/12 -> 0 | H14: =F14/365 -> 0
C15: 0 | D15: 0 | E15: 1 | F15: =(C15-D15)/E15 -> 0 | G15: =F15/12 -> 0 | H15: =F15/365 -> 0
C16: 0 | D16: 0 | E16: 1 | F16: =(C16-D16)/E16 -> 0 | G16: =F16/12 -> 0 | H16: =F16/365 -> 0
C17: 0 | D17: 0 | E17: 1 | F17: =(C17-D17)/E17 -> 0 | G17: =F17/12 -> 0 | H17: =F17/365 -> 0
C18: 0 | D18: 0 | E18: 1 | F18: =(C18-D18)/E18 -> 0 | G18: =F18/12 -> 0 | H18: =F18/365 -> 0
C19: 0 | D19: 0 | E19: 1 | F19: =(C19-D19)/E19 -> 0 | G19: =F19/12 -> 0 | H19: =F19/365 -> 0
C20: 0 | D20: 0 | E20: 1 | F20: =(C20-D20)/E20 -> 0 | G20: =F20/12 -> 0 | H20: =F20/365 -> 0
A22: TOTAL | C22: =SUM(C2:C20) -> 48750000 | D22: =SUM(D2:D20) -> 4875000 | E22: =SUM(E2:E20) -> 30 | F22: =SUM(F2:F20) -> 21937500 | G22: =SUM(G2:G20) -> 1828125 | H22: =SUM(H2:H20) -> 60102.74

Sheet BIAYA OPERASIONAL
A1: OPERASIONAL
A2: NO | B2: BIAYA OPERASIONAL PRODUKSI | C2: KETERANGAN | D2: KUANTITAS | E2: SATUAN | F2: HARGA | G2: JUMLAH
G3: =D3*F3 -> 0
G4: =D4*F4 -> 0
A5: TOTAL | G5: =SUM(G3:G4) -> 0
A7: NO | B7: BIAYA OPERASIONAL PEMASARAN | C7: KETERANGAN | D7: KUANTITAS | E7: SATUAN | F7: HARGA | G7: JUMLAH
G8: =D8*F8 -> 0
G9: =D9*F9 -> 0
A10: TOTAL | G10: =SUM(G8:G9) -> 0
A12: BIAYA LAIN-LAIN
G13: =D13*F13 -> 0
G14: =D14*F14 -> 0
A15: TOTAL | G15: =SUM(G13:G14) -> 0

Sheet TOTAL INVESTASI
A1: NO | B1: KETERANGAN | C1: JUMLAH
A2: 1 | B2: PERLENGKAPAN YAG DIPERLUKAN | C2: =PERALATAN!G16 -> 48750000
A3: 2 | B3: BAHAN HABIS PAKAI | C3: ='BAHAN HABIS PAKAI'!G40 -> 8046630
A4: 3 | B4: OPERASIONAL | C4: ='BIAYA OPERASIONAL'!G5+'BIAYA OPERASIONAL'!G10 -> 0
A5: 4 | B5: LAIN-LAIN | C5: ='BIAYA OPERASIONAL'!G15 -> 0
B6: JUMLAH (TOTAL INVESTASI) | C6: =SUM(C1:C5) -> 56796630

Sheet HPP
A1: NO | B1: PENENTUAN HARGA/PCS | C1: HARGA
B2: BAHAN HABIS PAKAI | C2: ='BAHAN HABIS PAKAI'!G40/'BAHAN HABIS PAKAI'!C42 -> 80466.3
B3: OPERASIONAL PRODUKSI | C3: ='BIAYA OPERASIONAL'!G3/'BAHAN HABIS PAKAI'!C42 -> 0
B4: HPP | C4: =SUM(C2:C3) -> 80466.3
B5: OPERASIONAL PEMASARAN | C5: ='BIAYA OPERASIONAL'!G10/'BAHAN HABIS PAKAI'!C42 -> 0
B6: LAIN-LAIN | C6: ='BIAYA OPERASIONAL'!G15/'BAHAN HABIS PAKAI'!C42 -> 0
B7: HARGA OPERASIONAL | C7: =C4+C6+C5 -> 80466.3
B8: BEBAN DEPRESIASI(PENYUSUTAN) | C8: =PENYUSUTAN!H10 -> 3082.1918
B9: HARGA SEBELUM LABA | C9: =C7+C8 -> 83548.492
B10: LABA | C10: 50000
B11: HARGA JUAL | C11: =C9+C10 -> 133548.49
B12: PEMBULATAN HARGA JUAL | C12: 140000

Sheet BEP
B1: BEP PERBULAN | C1: PERBULAN
B2: TOTAL FIX COST (A)
B3: PENYUSUTAN | C3: =PENYUSUTAN!G22 -> 1828125
B4: JUMLAH | C4: =SUM(C3:C3) -> 1828125
B6: VARIABLE COST (B)
B7: BIAYA BAHAN BAKU | C7: ='BAHAN HABIS PAKAI'!G40/'BAHAN HABIS PAKAI'!C42 -> 80466.3
B8: OPERASIONAL (PRODUKSI) | C8: =HPP!C3 -> 0
B9: OPERASIONAL (PEMASARAN) | C9: =HPP!C5 -> 0
B10: OPERASIONAL LAIN-LAIN | C10: =HPP!C6 -> 0
B11: TOTAL VARIABEL COST | C11: =SUM(C7:C10) -> 80466.3
B14: PEMBULATAN HARGA JUAL (C) | C14: =HPP!C12 -> 140000
B15: (C-B) | C15: =C14-C11 -> 59533.7
B16: BEP UNIT (A/C-B) | C16: =C4/C15 -> 30.707398

Sheet cash flow
A1: BULAN KE | B1: 1 | C1: 2 | D1: 3 | E1: 4 | F1: 5 | G1: 6 | H1: 7 | I1: 8 | J1: 9 | K1: 10 | L1: 11 | M1: 12
A2: RENCANA PRODUKSI
A3: CASH FLOW
A4: KAS TERSEDIA AWAL BULAN | B4: ='TOTAL INVESTASI'!C6 -> 56796630 | C4: =B16 -> 8046630 | D4: =C16 -> 8046630 | E4: =D16 -> 8046630 | F4: =E16 -> 8046630 | G4: =F16 -> 8046630 | H4: =G16 -> 8046630 | I4: =H16 -> 8046630 | J4: =I16 -> 8046630 | ... M4: =L16 -> 8046630
A5: CASH OUT FLOW
A6: PERLENGKAPAN YANG DIPERLUKAN | B6: =PERALATAN!G16 -> 48750000 | C6: =PERALATAN!H13 -> 0 | D6: =PERALATAN!I12 -> 0 | E6: =PERALATAN!J12 -> 0 | F6: =PERALATAN!K12 -> 0 | G6: =PERALATAN!L12 -> 0 | H6: =PERALATAN!M12 -> 0 | I6: =PERALATAN!N12 -> 0 | J6: =PERALATAN!O12 -> 0 | K6: =PERALATAN!P12 -> 0 | ... M6: =PERALATAN!R12 -> 0
A7: BAHAN HABIS PAKAI | B7: =HPP!$C$4*'cash flow'!B2 -> 0 | C7: =HPP!$C$4*'cash flow'!C2 -> 0 | D7: =HPP!$C$4*'cash flow'!D2 -> 0 | E7: =HPP!$C$4*'cash flow'!E2 -> 0 | F7: =HPP!$C$4*'cash flow'!F2 -> 0 | G7: =HPP!$C$4*'cash flow'!G2 -> 0 | H7: =HPP!$C$4*'cash flow'!H2 -> 0 | I7: =HPP!$C$4*'cash flow'!I2 -> 0 | ... M7: =HPP!$C$4*'cash flow'!M2 -> 0
A8: PERJALANAN PRODUKSI | B8: =HPP!$C$3*'cash flow'!B2 -> 0 | C8: =HPP!$C$3*'cash flow'!C2 -> 0 | D8: =HPP!$C$3*'cash flow'!D2 -> 0 | E8: =HPP!$C$3*'cash flow'!E2 -> 0 | F8: =HPP!$C$3*'cash flow'!F2 -> 0 | G8: =HPP!$C$3*'cash flow'!G2 -> 0 | H8: =HPP!$C$3*'cash flow'!H2 -> 0 | I8: =HPP!$C$3*'cash flow'!I2 -> 0 | ... M8: =HPP!$C$3*'cash flow'!M2 -> 0
A9: PERJALANAN PEMASARAN | B9: =HPP!$C$5*B2 -> 0 | C9: =HPP!$C$5*C2 -> 0 | D9: =HPP!$C$5*D2 -> 0 | E9: =HPP!$C$5*E2 -> 0 | F9: =HPP!$C$5*F2 -> 0 | G9: =HPP!$C$5*G2 -> 0 | H9: =HPP!$C$5*H2 -> 0 | I9: =HPP!$C$5*I2 -> 0 | ... M9: =HPP!$C$5*M2 -> 0
A10: LAIN-LAIN | B10: =HPP!$C$6 -> 0 | C10: =HPP!$C$6 -> 0 | D10: =HPP!$C$6 -> 0 | E10: =HPP!$C$6 -> 0 | F10: =HPP!$C$6 -> 0 | G10: =HPP!$C$6 -> 0 | H10: =HPP!$C$6 -> 0 | I10: =HPP!$C$6 -> 0 | ... M10: =HPP!$C$6 -> 0
A11: JUMLAH | B11: =SUM(B6:B10) -> 48750000 | C11: =SUM(C6:C10) -> 0 | D11: =SUM(D6:D10) -> 0 | E11: =SUM(E6:E10) -> 0 | F11: =SUM(F6:F10) -> 0 | G11: =SUM(G6:G10) -> 0 | H11: =SUM(H6:H10) -> 0 | I11: =SUM(I6:I10) -> 0 | ... M11: =SUM(M6:M10) -> 0
A12: SISA KAS | B12: =B4-B11 -> 8046630 | C12: =C4-C11 -> 8046630 | D12: =D4-D11 -> 8046630 | E12: =E4-E11 -> 8046630 | F12: =F4-F11 -> 8046630 | G12: =G4-G11 -> 8046630 | H12: =H4-H11 -> 8046630 | I12: =I4-I11 -> 8046630 | ... M12: =M4-M11 -> 8046630
A13: CASH IN FLOW
A14: HASIL PENJUALAN | B14: =HPP!$C$12*B2 -> 0 | C14: =HPP!$C$12*C2 -> 0 | D14: =HPP!$C$12*D2 -> 0 | E14: =HPP!$C$12*E2 -> 0 | F14: =HPP!$C$12*F2 -> 0 | G14: =HPP!$C$12*G2 -> 0 | H14: =HPP!$C$12*H2 -> 0 | I14: =HPP!$C$12*I2 -> 0 | ... M14: =HPP!$C$12*M2 -> 0
A15: JUMLAH | B15: =B14 -> 0 | C15: =C14 -> 0 | D15: =D14 -> 0 | E15: =E14 -> 0 | F15: =F14 -> 0 | G15: =G14 -> 0 | H15: =H14 -> 0 | I15: =I14 -> 0 | ... M15: =M14 -> 0
A16: KAS TERSEDIA (AKHIR BULAN) | B16: =B12+B15 -> 8046630 | C16: =C12+C15 -> 8046630 | D16: =D12+D15 -> 8046630 | E16: =E12+E15 -> 8046630 | F16: =F12+F15 -> 8046630 | G16: =G12+G15 -> 8046630 | H16: =H12+H15 -> 8046630 | I16: =I12+I15 -> 8046630 | ... M16: =M12+M15 -> 8046630

Sheet laporan laba rvgi
A1: BULAN | B1: 1 | C1: 2 | D1: 3 | E1: 4 | F1: 5 | G1: 6 | H1: 7 | I1: 8 | J1: 9 | K1: 10 | L1: 11 | M1: 12
A2: HASIL PENJUALAN (A) | B2: ='cash flow'!B14 -> 0 | C2: ='cash flow'!C14 -> 0 | D2: ='cash flow'!D14 -> 0 | E2: ='cash flow'!E14 -> 0 | F2: ='cash flow'!F14 -> 0 | G2: ='cash flow'!G14 -> 0 | H2: ='cash flow'!H14 -> 0 | I2: ='cash flow'!I14 -> 0 | ... M2: ='cash flow'!M14 -> 0
A3: HPP (B) | B3: ='cash flow'!B7+'cash flow'!B8 -> 0 | C3: ='cash flow'!C7+'cash flow'!C8 -> 0 | D3: ='cash flow'!D7+'cash flow'!D8 -> 0 | E3: ='cash flow'!E7+'cash flow'!E8 -> 0 | F3: ='cash flow'!F7+'cash flow'!F8 -> 0 | G3: ='cash flow'!G7+'cash flow'!G8 -> 0 | H3: ='cash flow'!H7+'cash flow'!H8 -> 0 | I3: ='cash flow'!I7+'cash flow'!I8 -> 0 | ... M3: ='cash flow'!M7+'cash flow'!M8 -> 0
A4: LABA KOTOR (C)= (A-B) | B4: =B2-B3 -> 0 | C4: =C2-C3 -> 0 | D4: =D2-D3 -> 0 | E4: =E2-E3 -> 0 | F4: =F2-F3 -> 0 | G4: =G2-G3 -> 0 | H4: =H2-H3 -> 0 | I4: =I2-I3 -> 0 | ... M4: =M2-M3 -> 0
A5: PEMASARAN (D) | B5: ='cash flow'!B9+'cash flow'!B10 -> 0 | C5: ='cash flow'!C9+'cash flow'!C10 -> 0 | D5: ='cash flow'!D9+'cash flow'!D10 -> 0 | E5: ='cash flow'!E9+'cash flow'!E10 -> 0 | F5: ='cash flow'!F9+'cash flow'!F10 -> 0 | G5: ='cash flow'!G9+'cash flow'!G10 -> 0 | H5: ='cash flow'!H9+'cash flow'!H10 -> 0 | I5: ='cash flow'!I9+'cash flow'!I10 -> 0 | ... M5: ='cash flow'!M9+'cash flow'!M10 -> 0
A6: LABA OPERASIONAL (E)=(C-D) | B6: =B4-B5 -> 0 | C6: =C4-C5 -> 0 | D6: =D4-D5 -> 0 | E6: =E4-E5 -> 0 | F6: =F4-F5 -> 0 | G6: =G4-G5 -> 0 | H6: =H4-H5 -> 0 | I6: =I4-I5 -> 0 | ... M6: =M4-M5 -> 0
A7: DEPRESIASI (F) | B7: =PENYUSUTAN!$F$2 -> 225000 | C7: =PENYUSUTAN!$F$2 -> 225000 | D7: =PENYUSUTAN!$F$2 -> 225000 | E7: =PENYUSUTAN!$F$2 -> 225000 | F7: =PENYUSUTAN!$F$2 -> 225000 | G7: =PENYUSUTAN!$F$2 -> 225000 | H7: =PENYUSUTAN!$F$2 -> 225000 | I7: =PENYUSUTAN!$F$2 -> 225000 | ... M7: =PENYUSUTAN!$F$2 -> 225000
A8: LABA BERSIH (H)=(E-F) | B8: =B6-B7 -> -225000 | C8: =C6-C7 -> -225000 | D8: =D6-D7 -> -225000 | E8: =E6-E7 -> -225000 | F8: =F6-F7 -> -225000 | G8: =G6-G7 -> -225000 | H8: =H6-H7 -> -225000 | I8: =I6-I7 -> -225000 | ... M8: =M6-M7 -> -225000
A9: PERTUMBUHAN KEUNTUNGAN | B9: =B8 -> -225000 | C9: =B9+C8 -> -450000 | D9: =C9+D8 -> -675000 | E9: =D9+E8 -> -900000 | F9: =E9+F8 -> -1125000 | G9: =F9+G8 -> -1350000 | H9: =G9+H8 -> -1575000 | I9: =H9+I8 -> -1800000 | J9: =I9+J8 -> -2025000 | ... M9: =L9+M8 -> -2700000

Sheet stvdi kelayakan
B4: Tahun | C4: Keuntungan Bersih | D4: Penyusutan | E4: Total Kas Masuk | G4: df + | H4: Present Value | J4: df - | K4: Present Value
G5: 0.1 | J5: 0.8
B6: 1 | C6: ='laporan laba rvgi'!M9 -> -2700000 | D6: =PENYUSUTAN!C2 -> 500000 | E6: =C6+D6 -> -2200000 | G6: =1/(1+G5)^B6 -> 0.90909091 | H6: =E6*G6 -> -2000000 | J6: =1/(1+J5)^B6 -> 0.55555556 | K6: =E6*J6 -> -1222222.2
B7: PRESENT VALUE SISA KAS BERSIH AKHIR PERIODE | H7: =('cash flow'!M16-'laporan laba rvgi'!M9)*'stvdi kelayakan'!G6 -> 9769663.6 | K7: =('cash flow'!M16-'laporan laba rvgi'!M9)*'stvdi kelayakan'!J6 -> 5970350
B8: JUMLAH PRESENT VALUE | H8: =H6+H7 -> 7769663.6 | K8: =K6+K7 -> 4748127.8
B9: INVESTASI AWAL | H9: ='cash flow'!B4 -> 56796630 | K9: =H9 -> 56796630
B10: NPV | H10: =H8-H9 -> -49026966 | K10: =K8-K9 -> -52048502
B13: IRR | C13: =G5+(H10/(H10-K10))*(J5-G5) -> -11.25809
B15: R/C RATIO TAHUN 1
B16: HASIL PENJUALAN | C16: =SUM('laporan laba rvgi'!B2:M2) -> 0
B17: COST | C17: =SUM('cash flow'!B11:M11)-('cash flow'!B6)+PENYUSUTAN!C2 -> 500000
B18: R/C | C18: =C16/C17 -> 0
B20: PAY BACK PERIOD | C20: Bulan ke-12
B21: BULAN | C21: 1 | D21: 2 | E21: 3 | F21: 4 | G21: 5 | H21: 6 | I21: 7 | J21: 8 | K21: 9 | L21: 10 | M21: 11 | N21: 12
B22: TOTAL KAS MASUK | C22: ='laporan laba rvgi'!B8+'laporan laba rvgi'!B7 -> 0 | D22: ='laporan laba rvgi'!C8+'laporan laba rvgi'!C7 -> 0 | E22: ='laporan laba rvgi'!D8+'laporan laba rvgi'!D7 -> 0 | F22: ='laporan laba rvgi'!E8+'laporan laba rvgi'!E7 -> 0 | G22: ='laporan laba rvgi'!F8+'laporan laba rvgi'!F7 -> 0 | H22: ='laporan laba rvgi'!G8+'laporan laba rvgi'!G7 -> 0 | I22: ='laporan laba rvgi'!H8+'laporan laba rvgi'!H7 -> 0 | J22: ='laporan laba rvgi'!I8+'laporan laba rvgi'!I7 -> 0 | ... N22: ='laporan laba rvgi'!M8+'laporan laba rvgi'!M7 -> 0
B23: PERTUMBUHAN KAS MASUK | C23: =C22 -> 0 | D23: =C23+D22 -> 0 | E23: =D23+E22 -> 0 | F23: =E23+F22 -> 0 | G23: =F23+G22 -> 0 | H23: =G23+H22 -> 0 | I23: =H23+I22 -> 0 | J23: =I23+J22 -> 0 | K23: =J23+K22 -> 0 | ... N23: =M23+N22 -> 0
